<?xml version="1.0" encoding="utf-8"?>
<ApplicationInstallerManifest>
   <DefaultInstallationDirectory>/Applications/ROSeq/</DefaultInstallationDirectory>
   <ApplicationName>ROSeq</ApplicationName>
   <ExecutableName>application/ROSeq.exe</ExecutableName>
   <GUID>8e1e4e61-0302-443b-9db8-2b26ce403435</GUID>
   <ApplicationIcon>default_icon_48.png</ApplicationIcon>
   <Logo>default_logo.png</Logo>
   <Version>1.0</Version>
   <InstallationNotes>In the following directions, replace MR/v94 by the directory on the target machine where MATLAB is installed, or MR by the directory where the MATLAB Runtime is installed.

If the environment variable DYLD_LIBRARY_PATH is undefined, set it to the following string:

MR/v94/runtime/maci64:MR/v94/sys/os/maci64:MR/v94/bin/maci64

If it is defined, set it to the following:

${DYLD_LIBRARY_PATH}:MR/v94/runtime/maci64:MR/v94/sys/os/maci64:MR/v94/bin/maci64
</InstallationNotes>
   <Summary>ROSeq evaluates differential expression between two subpopulations of single cells by modeling the rank distribution of readcounts.</Summary>
   <WelcomePanelText>ROSeq 1.0
ROSeq evaluates differential expression between two subpopulations of single cells by modeling the rank distribution of readcounts.

Single cell transcriptomics provides a window into phenotypic diversity in complex tissues. Modeling single cell expression is challenging due to the high levels of noise and technical bias. In the past few years, considerable efforts have been made to devise suitable parametric models for single cell expression data. We use Discrete Generalized Beta Distribution (DGBD) to model read counts corresponding to a gene as a function of ranks. Use of DGBD yields better overall fit across genes compared to the widely used mixture model comprising Poisson and Negative Binomial density functions. Further, we use Wald's test to probe into differential expression across cell sub-types. We package our implementation as a standalone software called ROSeq. When applied on real data-sets, ROSeq performed competitively compared to the state of the art methods including MAST, SCDE and ROTS.

Manan Lalit
lalit@mpi-cbg.de</WelcomePanelText>
   <MCRProducts>
      <MCRProduct>
         <ExternalProductIdentifier>35000</ExternalProductIdentifier>
      </MCRProduct>
      <MCRProduct>
         <ExternalProductIdentifier>35010</ExternalProductIdentifier>
      </MCRProduct>
   </MCRProducts>
</ApplicationInstallerManifest>